{"eval_info": {"img_type": "thermal", "training_data": "../dataset_mix4", "evaluation_data": "../test_set", "weights": "ckpt/thermal/BEST_ckpt_thermal-transform-tl-batch_norm.pth.tar", "min_score": 0.01, "max_overlap": 0.45, "top_k": 1}, "class_precisions": {"lying_down": 0.8918918967247009, "standing": 0.9743589758872986, "sitting": 0.9019607901573181, "fall": 0.9599999785423279}, "class_recalls": {"lying_down": 0.9166666865348816, "standing": 0.9382716417312622, "sitting": 0.9583333730697632, "fall": 0.9504950046539307}, "APs": {"lying_down": 0.8962326049804688, "standing": 0.9079102873802185, "sitting": 0.8867871761322021, "fall": 0.9081537127494812}, "mAP": 0.899770975112915}{"eval_info": {"img_type": "thermal", "evaluation_data": "../test_set", "weights": "ckpt/thermal/BEST_ckpt_thermal-transform-tl-batch_norm.pth.tar", "min_score": 0.01, "max_overlap": 0.45, "top_k": 1}, "class_precisions": {"lying_down": 0.8918918967247009, "standing": 0.9743589758872986, "sitting": 0.9019607901573181, "fall": 0.9599999785423279}, "class_recalls": {"lying_down": 0.9166666865348816, "standing": 0.9382716417312622, "sitting": 0.9583333730697632, "fall": 0.9504950046539307}, "APs": {"lying_down": 0.8962326049804688, "standing": 0.9079102873802185, "sitting": 0.8867871761322021, "fall": 0.9081537127494812}, "mAP": 0.899770975112915}{"eval_info": {"img_type": "thermal", "evaluation_data": "../test_set", "weights": "ckpt/thermal/BEST_ckpt_thermal-transform-tl-batch_norm.pth.tar", "min_score": 0.01, "max_overlap": 0.45, "top_k": 200}, "class_precisions": {"lying_down": 0.22499999403953552, "standing": 0.49390244483947754, "sitting": 0.29629629850387573, "fall": 0.32679739594459534}, "class_recalls": {"lying_down": 1.0, "standing": 1.0, "sitting": 1.0, "fall": 0.9900990128517151}, "APs": {"lying_down": 0.916370689868927, "standing": 0.9780552983283997, "sitting": 0.9347392320632935, "fall": 0.9043355584144592}, "mAP": 0.9333751797676086}{"eval_info": {"img_type": "thermal", "evaluation_data": "../test_set", "weights": "ckpt/thermal/BEST_ckpt_thermal-transform-tl-batch_norm.pth.tar", "min_score": 0.1, "max_overlap": 0.45, "top_k": 200}, "class_precisions": {"lying_down": 0.47297295928001404, "standing": 0.7641509175300598, "sitting": 0.52173912525177, "fall": 0.6163522005081177}, "class_recalls": {"lying_down": 0.9722222089767456, "standing": 1.0, "sitting": 1.0, "fall": 0.9702970385551453}, "APs": {"lying_down": 0.8946970701217651, "standing": 0.9780552983283997, "sitting": 0.9347392320632935, "fall": 0.9043355584144592}, "mAP": 0.9279568195343018}