{"eval_info": {"img_type": "depth", "evaluation_data": "../test_set", "weights": "ckpt/depth/BEST_ckpt_depth-transform-tf-8bit-img_norm_0-1.pth.tar", "min_score": 0.01, "max_overlap": 0.45, "top_k": 1}, "class_precisions": {"lying_down": 0.8181818127632141, "standing": 0.9268292784690857, "sitting": 0.9019607901573181, "fall": 0.9479166865348816}, "class_recalls": {"lying_down": 0.9000000357627869, "standing": 0.9620253443717957, "sitting": 0.8518518805503845, "fall": 0.9578948020935059}, "APs": {"lying_down": 0.8912500143051147, "standing": 0.9054545760154724, "sitting": 0.7926617860794067, "fall": 0.9059295058250427}, "mAP": 0.8738240003585815}{"eval_info": {"img_type": "depth", "evaluation_data": "../test_set", "weights": "ckpt/depth/BEST_ckpt_depth-transform-tf-8bit-img_norm_0-1.pth.tar", "min_score": 0.01, "max_overlap": 0.45, "top_k": 1}, "class_precisions": {"lying_down": 0.8181818127632141, "standing": 0.9268292784690857, "sitting": 0.9019607901573181, "fall": 0.9479166865348816}, "class_recalls": {"lying_down": 0.9000000357627869, "standing": 0.9620253443717957, "sitting": 0.8518518805503845, "fall": 0.9578948020935059}, "APs": {"lying_down": 0.8912500143051147, "standing": 0.9054545760154724, "sitting": 0.7926617860794067, "fall": 0.9059295058250427}, "mAP": 0.8738240003585815}