{"eval_info": {"img_type": "depth", "training_data": "../dataset_mix4", "evaluation_data": "../test_set", "weights": "ckpt/depth/BEST_ckpt_depth-transform-tl-dataset_stand.pth.tar", "min_score": 0.01, "max_overlap": 0.45, "top_k": 1}, "class_precisions": {"lying_down": 0.8181818127632141, "standing": 0.9624999761581421, "sitting": 0.8823529481887817, "fall": 0.9578947424888611}, "class_recalls": {"lying_down": 0.9000000357627869, "standing": 0.9746835827827454, "sitting": 0.8333333134651184, "fall": 0.9578948020935059}, "APs": {"lying_down": 0.8728296160697937, "standing": 0.9079102873802185, "sitting": 0.7971395254135132, "fall": 0.9026581645011902}, "mAP": 0.8701344132423401}