{"eval_info": {"img_type": "depth", "training_data": "../dataset_mix4", "evaluation_data": "../test_set", "weights": "ckpt/depth/BEST_ckpt_depth-transform-tl-batch_norm.pth.tar", "min_score": 0.01, "max_overlap": 0.45, "top_k": 1}, "class_precisions": {"lying_down": 0.75, "standing": 0.9487179517745972, "sitting": 0.9019607901573181, "fall": 0.9680851101875305}, "class_recalls": {"lying_down": 0.9000000357627869, "standing": 0.9367088675498962, "sitting": 0.8518518805503845, "fall": 0.9578948020935059}, "APs": {"lying_down": 0.8347262144088745, "standing": 0.9078624248504639, "sitting": 0.7916485667228699, "fall": 0.9051808714866638}, "mAP": 0.859854519367218}